;
; disjunction.csv
;
; Example data file illustrating table-based regression in MOSES.
;
; Data consists of four columns; the first column is the "result",
; and subsequent columns are the "data to fit".  In this case, the
; first column is the boolen-or of the remaining columns.
; Thus, we expect MOSES to learn the combo program "or($1 $2 $3)".
;
; To run, enter: "moses -H it -i disjunction.csv
!
! comments may also start with a bang! 
# or a hash also works...
#

0,0,0,0
1,0,0,1
1,0,1,0
1,0,1,1

1,1,0,0
1,1,0,1
1,1,1,0
1,1,1,1
